eklove,svsh,a2ex,candy,yangg,nas,havu,dogtung,nyan,paradozx,lalune,duygudboy,myhanh,acetamin,zinki,thongo,zekrom,hoanghiep,cumber,sasha,kie,alan,tieuchay,quyt,bbom,wanlee,nguoida,roochan,hungpui,tnphi,keymis,namonade,mekko,snipertx,watson,junimo,dithucc,Result
1,0,0,2,0,0,0,0,0,0,1,0,1,0,0,0,0,0,1,0,0,2,0,0,1,0,2,2,0,0,0,0,0,0,2,0,0,1
1,0,0,1,0,0,0,0,0,0,2,0,1,0,0,0,0,0,2,0,0,1,0,0,2,0,2,1,2,0,0,0,0,0,0,0,0,1
2,0,0,2,0,0,0,0,0,0,1,0,1,0,0,0,0,0,2,0,0,1,0,0,2,0,1,0,2,0,0,1,0,0,0,0,0,2
1,0,0,2,0,0,0,0,0,0,2,0,1,0,0,0,2,0,0,0,0,1,0,0,0,0,1,1,0,0,0,2,0,0,2,0,0,2
1,0,0,1,0,0,0,0,0,0,1,0,1,0,0,0,2,0,0,0,0,1,0,0,0,0,2,2,0,0,0,2,0,0,2,0,0,2
2,0,0,1,0,0,0,0,0,0,0,2,0,0,0,0,0,2,1,0,0,1,1,0,1,0,0,0,2,0,0,2,0,0,0,0,0,1
2,1,0,1,0,0,0,0,2,0,1,0,0,0,0,0,0,2,2,0,0,1,0,0,2,0,0,0,0,0,0,1,0,0,0,0,0,2
1,1,0,2,0,0,2,0,0,0,2,0,0,0,0,0,1,0,2,0,0,2,0,0,1,0,0,0,0,0,0,1,0,0,0,0,0,2
1,1,0,2,0,0,2,0,0,0,2,0,0,0,0,0,1,0,2,0,0,2,0,0,1,0,0,0,0,0,0,1,0,0,0,0,0,2
